customer_id,card_no,amount
id_0001,4111938700516279,447.06
id_0002,4111611155426224,435.22
id_0003,4111909275326972,4313.82
id_0004,4111112196565232,1457.14
id_0005,4111138999404387,3073.94
id_0006,4111364037613798,447.96
id_0007,4111055269658270,4776.82
id_0008,4111109104300687,1503.79
id_0009,4111866618892415,1618.54
id_0010,4111832856914639,383.74
id_0011,4111161799042101,3568.71
id_0012,4111027588425243,3691.39
id_0013,4111105648149174,2330.47
id_0014,4111507925241916,1219.18
id_0015,4111800030756220,4662.68
id_0016,4111086353654199,1926.76
id_0017,4111802380617440,1703.77
id_0018,4111870534949377,1904.54
id_0019,4111738320603851,3216.12
id_0020,4111050641383678,4809.81
id_0021,4111241038657195,568.33
id_0022,4111261990623442,4269.48
id_0023,4111655743132915,861.51
id_0024,4111277561853747,2370.4
id_0025,4111112490352138,4845.16
id_0026,4111680442067887,1324.28
id_0027,4111712100323650,3462.8
id_0028,4111199410137214,4534.88
id_0029,4111510702966702,1975.37
id_0030,4111625324472090,3133.97
id_0031,4111347687014626,2154.25
id_0032,4111838065787591,2561.73
id_0033,4111642059304077,2694.22
id_0034,4111932133480397,4247.87
id_0035,4111652239559056,4743.04
id_0036,4111929378427013,375.22
id_0037,4111930870593256,3612.99
id_0038,4111500292185159,3552.24
id_0039,4111691545226757,953.59
id_0040,4111895392644226,3671.27
id_0041,4111969029593912,4689.77
id_0042,4111251355215701,1399.54
id_0043,4111315410067627,4434.3
id_0044,4111765861793271,461.18
id_0045,4111040541152627,3686.73
id_0046,4111815997062963,869.81
id_0047,4111153368844436,569.99
id_0048,4111698720506144,4137.1
id_0049,4111973103241719,1610.93
id_0050,4111677418625654,1014.26
